z0,zL,z1,accepted
-8.17983,-18.1028,-10.1644,1
-14.5227,2.77648,-11.0629,1
5.16952,19.4032,8.01625,1
-9.77842,29.0764,-2.00746,1
-9.19933,-39.9526,-15.35,1
13.7374,-32.0423,4.58147,1
-1.99974,-8.12428,-3.22464,1
-2.84403,16.7261,1.06999,1
-0.317314,45.3991,8.82598,1
4.777,16.171,7.0558,1
5.47356,0.192349,4.41732,1
8.97006,-0.208089,7.13443,1
-3.82221,-11.4096,-5.3397,1
-0.119488,-2.69442,-0.634474,1
-9.64723,-10.7998,-9.87775,1
-2.02375,-46.8225,-10.9835,1
12.5053,-29.1881,4.1666,1
-9.67622,23.3755,-3.06588,1
10.6315,29.9993,14.5051,1
-8.14191,-1.60585,-6.8347,1
-3.21686,47.6479,6.95609,1
-13.1822,-42.0124,-18.9483,1
11.8091,48.1128,19.0698,1
1.48437,38.6242,8.91234,1
10.2908,18.078,11.8483,1
7.46985,30.3253,12.0409,1
7.5826,35.6665,13.1994,1
13.5285,-43.9607,2.03067,1
-7.00572,-29.2286,-11.4503,1
5.47847,26.9812,9.77902,1
-0.612504,32.059,5.9218,1
3.19188,-44.2577,-6.29804,1
9.51011,-10.5691,5.49427,1
0.370467,25.7115,5.43867,1
-13.8593,-30.4554,-17.1785,1
12.528,-12.3396,7.55451,1
2.27829,-40.3395,-6.24527,1
-4.94725,-47.4279,-13.4434,1
-3.92105,-36.8162,-10.5001,1
6.46626,33.3754,11.8481,1
-2.98658,22.6152,2.13378,1
4.44089,25.6794,8.6886,1
10.0199,-32.5831,1.49927,1
-1.27782,45.0659,7.99093,1
9.74295,23.5083,12.496,1
-11.5771,-30.3533,-15.3323,1
-2.89319,36.8806,5.06156,1
13.5281,22.5533,15.3331,1
11.1901,41.0942,17.1709,1
14.1187,41.7783,19.6506,1
4.19557,42.94,11.9445,1
-9.98464,-29.7168,-13.9311,1
-4.91628,-35.5907,-11.0512,1
14.0287,-20.7045,7.08211,1
9.4015,-42.724,-1.02361,1
0.955964,-32.1308,-5.66138,1
-11.8419,-24.671,-14.4077,1
-14.9483,-0.8848,-12.1356,1
-0.0681941,33.1333,6.57211,1
11.1984,18.931,12.7449,1
-4.10674,5.27535,-2.23032,1
11.6977,-2.87027,8.78412,1
11.7916,-19.6799,5.49727,1
-9.60185,13.0783,-5.06581,1
1.99471,5.45313,2.68639,1
3.62872,-14.2074,0.0615044,1
10.2207,-7.36031,6.70451,1
-8.93319,4.40529,-6.26549,1
-3.13501,38.3644,5.16487,1
-10.0701,-35.2398,-15.104,1
2.25577,42.2114,10.2469,1
-6.74007,-47.76,-14.9441,1
-9.51332,-1.92028,-7.99471,1
13.0655,11.7932,12.811,1
3.60555,36.0124,10.0869,1
-11.7646,-2.29854,-9.87135,1
-4.82976,4.58651,-2.94651,1
-14.6407,24.8931,-6.73394,1
14.9858,-42.5356,3.48153,1
-7.06976,-17.2018,-9.09617,1
5.40805,-4.85244,3.35595,1
-3.47356,34.4431,4.10977,1
-11.2095,47.809,0.594175,1
-7.06706,-24.8476,-10.6232,1
5.80495,4.9737,5.6387,1
6.15501,-32.1393,-1.50385,1
-2.37849,5.04783,-0.893222,1
6.31933,-42.4194,-3.42841,1
-13.435,47.5086,-1.24627,1
-2.26911,43.8004,6.94479,1
14.7614,-17.4259,8.32396,1
6.00146,-0.346719,4.73182,1
2.35968,28.1696,7.52166,1
-14.5091,-26.1672,-16.8407,1
-11.6394,-45.6181,-18.4352,1
2.16877,9.90508,3.71603,1
-13.0105,-32.0755,-16.8235,1
11.2534,13.6985,11.7424,1
9.63154,-6.72882,6.35947,1
-10.2231,20.5716,-4.06417,1
-1.9509,33.754,5.19008,1
10.2773,-34.3282,1.35616,1
11.1626,-28.5119,3.22768,1
13.5463,-37.6788,3.30129,1
1.86325,46.112,10.713,1
6.70542,24.4523,10.2548,1
13.9523,6.87755,12.5374,1
-1.95743,-19.2902,-5.42398,1
-12.6337,-43.123,-18.7316,1
3.34924,36.9824,10.0759,1
-1.92692,-48.7851,-11.2986,1
6.93645,-16.6108,2.227,1
10.5427,-38.1257,0.808985,1
1.84219,49.2779,11.3293,1
-5.80015,18.3508,-0.969955,1
-14.3761,-46.0724,-20.7153,1
-0.553751,-40.9358,-8.63016,1
-4.39701,-9.8799,-5.49359,1
2.47775,-22.4894,-2.51569,1
9.88946,-27.3059,2.45038,1
-13.3441,26.2293,-5.42939,1
-0.150326,-11.0814,-2.33654,0
-10.893,-15.8219,-11.8788,1
5.056,31.5945,10.3637,1
-12.7916,-25.0668,-15.2466,1
-14.8944,-13.8879,-14.6931,1
-0.15951,-44.6858,-9.06477,1
-7.44275,-7.48648,-7.45149,1
-12.0243,30.312,-3.55702,1
13.723,18.0995,14.5983,1
-12.2909,40.2731,-1.77808,1
-11.9657,48.2809,0.0836381,1
-13.1213,1.08928,-10.2792,1
4.17283,-37.8734,-4.23642,1
-11.8412,30.6391,-3.34511,1
-6.49761,-39.0471,-13.0075,1
-4.90886,-38.7033,-11.6678,1
-7.22261,-27.5101,-11.2801,1
-13.4598,8.4741,-9.07306,1
-8.79182,21.5077,-2.73192,1
14.6353,20.4266,15.7935,1
8.60187,25.9792,12.0773,1
5.92977,-44.1512,-4.08642,1
0.541501,18.8004,4.19327,1
-6.85479,-47.8424,-15.0523,1
-12.9098,-28.5332,-16.0345,1
-2.15401,-35.1843,-8.76007,1
-7.83419,-9.60149,-8.18765,1
3.45115,-44.9981,-6.2387,1
-10.042,-8.54652,-9.74287,1
-6.09046,12.5055,-2.37127,1
1.64919,7.5134,2.82203,1
-4.12464,38.2495,4.3502,1
5.26509,40.8052,12.3731,1
-6.80881,-30.6946,-11.586,1
-1.53849,5.61137,-0.108515,1
-6.66061,9.53877,-3.42074,1
6.06134,-3.58544,4.13198,1
-6.46807,-32.1963,-11.6137,1
-7.86222,-23.953,-11.0804,1
13.6918,39.1968,18.7928,1
-0.514866,-42.6393,-8.93975,1
-12.4665,22.4341,-5.48635,1
-0.556958,42.4644,8.04731,1
12.4701,16.5436,13.2848,1
-6.03135,45.455,4.26592,1
14.5473,5.29707,12.6973,1
12.2928,-40.174,1.79943,1
2.23758,12.7771,4.34549,1
4.55776,41.6611,11.9784,1
6.47416,-30.0306,-0.826795,1
-4.15038,-26.2172,-8.56374,1
1.80181,14.4308,4.3276,1
3.3364,-23.1726,-1.9654,1
13.5153,-38.0311,3.20602,1
9.16945,-1.32675,7.07021,1
0.564152,21.3904,4.7294,1
-6.63053,-24.7669,-10.2578,1
13.1058,-34.9581,3.49298,1
13.0866,-38.0913,2.85105,1
-2.8995,-45.4886,-11.4173,1
-5.00856,-46.6753,-13.3419,1
14.3299,-35.358,4.39232,1
-11.1286,-23.4093,-13.5847,1
5.798,14.5001,7.53841,1
0.631172,5.44391,1.59372,1
-11.3724,45.6969,0.0414213,1
-4.70165,-36.2305,-11.0074,1
5.21985,31.3005,10.436,1
13.6026,-44.5024,1.98161,1
9.03649,45.7126,16.3717,1
13.4746,19.497,14.6791,1
0.400653,5.68782,1.45809,1
-10.3271,-14.1554,-11.0927,1
-7.16109,43.5965,2.99042,1
0.364051,28.6836,6.02797,1
4.96729,28.8336,9.74054,1
11.5081,-14.5534,6.29581,1
13.1731,36.434,17.8253,1
3.90593,-6.44008,1.83673,1
11.2866,-46.0558,-0.181881,1
-3.82913,48.0732,6.55134,1
-14.5329,-39.0908,-19.4445,1
8.40237,-21.4372,2.43447,1
-8.60233,-8.56905,-8.59568,1
-0.879874,-1.72067,-1.04803,1
-0.688233,49.8482,9.41905,1
-9.98824,37.8072,-0.429158,1
-4.71472,-49.6216,-13.6961,1
10.3809,-42.5488,-0.205042,1
13.4346,25.3829,15.8243,1
-12.6959,-19.3517,-14.0271,1
1.36811,42.7714,9.64877,1
4.02189,48.9404,13.0056,1
-3.97275,9.21274,-1.33565,1
7.55093,31.2666,12.2941,1
-4.08983,-13.4206,-5.95599,1
13.1233,42.0244,18.9035,1
12.4482,-18.7718,6.20417,1
-2.21139,-25.6258,-6.89427,1
-0.641771,18.6434,3.21526,1
2.10217,-15.2088,-1.36003,1
0.188149,15.8514,3.3208,1
14.5428,-30.1985,5.59452,1
-7.06271,17.3888,-2.1724,1
-0.282626,-2.23866,-0.673833,1
-4.5991,27.107,1.74212,1
2.84738,45.0001,11.2779,1
-14.2298,38.8467,-3.61453,1
13.0957,15.2649,13.5295,1
-13.7866,10.8335,-8.86259,1
7.6323,38.3251,13.7709,1
-11.9271,-19.8209,-13.5058,1
-0.379603,-5.20987,-1.34566,1
-2.92037,-46.3253,-11.6014,1
-10.0485,33.0337,-1.43207,1
-14.2993,23.9172,-6.65598,1
3.49886,29.1052,8.62012,1
1.93092,-4.32409,0.679921,1
9.67493,-2.74368,7.1912,1
-6.89715,22.5059,-1.01654,1
11.9605,-16.8097,6.20645,1
-1.1892,-18.4527,-4.6419,1
3.29081,4.10021,3.45269,1
-8.44684,22.1607,-2.32534,1
0.743358,37.9734,8.18936,1
7.68012,31.3898,12.4221,1
-10.6908,0.330482,-8.48652,1
-10.6329,49.0694,1.30753,1
-8.8288,36.9269,0.322341,1
3.40145,23.1882,7.35879,1
12.12,-27.4132,4.21339,1
14.0842,35.8464,18.4366,1
-0.384456,27.7874,5.24991,1
-9.51941,-47.7364,-17.1628,1
5.3277,-24.3022,-0.598289,1
14.0203,46.815,20.5792,1
9.13496,20.0715,11.3223,1
5.47489,-8.73143,2.63363,1
-9.57806,-19.0686,-11.4762,1
1.57951,-29.7658,-4.68955,1
-11.8811,11.2722,-7.25047,1
-7.14319,-33.2759,-12.3697,1
-10.6273,40.7275,-0.356333,1
-9.60438,43.2298,0.962452,1
10.1314,38.6885,15.8428,1
-12.1754,-20.291,-13.7985,1
-9.29481,-42.6244,-15.9607,1
-3.22265,-22.8918,-7.15649,1
12.6887,35.5061,17.2521,1
-0.932878,-9.42715,-2.63173,1
7.80872,-32.0942,-0.171861,1
-11.9359,-8.86439,-11.3216,1
14.2479,-1.63112,11.0721,1
-8.00114,-44.9616,-15.3932,1
6.35312,-48.1344,-4.54439,1
-14.9866,3.94485,-11.2003,1
10.2109,39.4301,16.0547,1
11.8608,27.8659,15.0618,1
6.92757,-43.1987,-3.0977,1
0.0812997,26.5784,5.38071,1
-4.96516,9.51765,-2.06859,1
8.72605,-18.5488,3.27107,1
-0.278779,-39.11,-8.04501,1
10.9267,43.969,17.5352,1
-12.5491,18.5386,-6.33156,1
-1.01088,16.8931,2.56992,1
-2.33907,21.7275,2.47425,1
-3.38177,43.1093,5.91644,1
0.11554,34.6121,7.01485,1
5.69153,48.6658,14.2864,1
-2.0405,40.7376,6.51511,1
1.89094,16.5122,4.81519,1
-10.8182,-9.85425,-10.6254,1
11.7036,-49.7647,-0.590092,1
-1.79581,19.3464,2.43263,1
-4.9164,-24.0964,-8.7524,1
6.68159,17.7212,8.8895,1
6.82726,33.9525,12.2523,1
-9.53557,19.1775,-3.79295,1
-14.6875,-23.6282,-16.4756,1
-8.28902,13.9228,-3.84667,1
-14.5167,4.46625,-10.7201,1
-12.2091,-31.4737,-16.062,1
1.21288,26.1968,6.20966,1
4.22774,-7.07669,1.96685,1
-8.23495,-27.6909,-12.1261,1
-1.6345,-10.4508,-3.39776,1
13.0089,32.6322,16.9336,1
-4.98537,-45.6051,-13.1093,1
6.32368,-3.75573,4.3078,1
11.4088,-8.47467,7.43211,1
-1.08526,38.1728,6.76636,1
8.60833,36.0893,14.1045,1
8.23727,-33.1699,-0.0441658,1
9.74497,-38.943,0.00737467,1
13.3538,28.7466,16.4323,1
7.59974,-28.3828,0.403234,1
9.9697,-33.6513,1.24551,1
-8.57613,21.2955,-2.60181,1
-5.03148,-22.0504,-8.43526,1
14.5069,-13.58,8.88953,1
4.6931,-11.2781,1.49886,1
-14.131,-38.828,-19.0704,1
13.1781,45.6327,19.669,1
14.8739,-45.7272,2.75366,1
1.84554,-7.34009,0.00841498,1
-12.3538,48.7907,-0.124864,1
-4.16884,10.7,-1.19507,1
-9.9964,-26.1728,-13.2317,1
13.0974,-49.9269,0.492533,1
11.1689,29.3618,14.8075,1
6.26305,-24.5917,0.0920932,1
-8.79213,3.93971,-6.24576,1
7.42617,45.1304,14.967,1
-7.55032,-12.4046,-8.52118,1
-11.6096,-27.5545,-14.7986,1
12.241,46.0852,19.0098,1
8.15977,-0.688176,6.39018,1
-8.94922,-13.7732,-9.91401,1
-4.4018,2.86821,-2.9478,1
9.98491,-21.6913,3.64967,1
1.30386,49.8115,11.0054,1
-11.5783,-46.6655,-18.5957,1
-10.5357,-19.4673,-12.322,1
-5.30019,32.2165,2.20316,1
14.7729,45.1389,20.8461,1
0.47968,33.0588,6.9955,1
5.05696,-17.2241,0.600759,1
1.91111,-36.5273,-5.77657,1
-0.96722,24.276,4.08142,1
14.6418,-14.6821,8.77704,1
-14.1594,-23.4522,-16.018,1
-6.143,43.8853,3.86267,1
-7.74996,-47.0846,-15.6169,1
9.3749,31.081,13.7161,1
-13.3511,-13.1003,-13.3009,1
1.08061,-21.6204,-3.45958,1
-1.95007,40.4946,6.53887,1
9.03821,32.6781,13.7662,1
-7.74983,6.44635,-4.91059,1
0.695992,14.7054,3.49788,1
-12.1948,37.6456,-2.22669,1
-4.81806,43.5973,4.86501,1
-7.24618,-42.2159,-14.2401,1
6.66217,-1.25332,5.07907,1
-1.4694,-41.0173,-9.37898,1
14.7843,2.7234,12.3721,1
11.9003,48.3923,19.1987,1
-2.21998,-43.8132,-10.5386,1
-12.338,-7.49424,-11.3693,1
6.2766,-18.5557,1.31013,1
6.19959,6.07899,6.17547,1
9.5042,47.3297,17.0693,1
-9.10023,-44.2743,-16.1351,1
9.48723,-48.4718,-2.10458,1
10.4364,-22.1439,3.9203,1
-5.6901,27.3147,0.910861,1
3.88016,-8.42694,1.41874,1
1.0958,17.8462,4.44587,1
12.5103,39.4239,17.893,1
12.4488,-29.4308,4.0729,1
-6.95877,-19.6034,-9.48769,1
2.81446,-42.7244,-6.29331,1
-12.1227,-25.9734,-14.8928,1
-8.75779,21.2917,-2.7479,1
0.763844,9.15651,2.44238,1
9.45442,19.9944,11.5624,1
-12.0019,13.7114,-6.85925,1
-6.00027,24.7708,0.153938,1
11.1523,-33.2297,2.27589,1
5.2592,-26.3949,-1.07161,1
9.80096,21.5978,12.1603,1
-0.0566008,-7.92074,-1.62943,1
-2.77221,-30.6937,-8.35652,1
-0.970653,-36.0641,-7.98935,1
8.62274,43.4189,15.582,1
2.57315,36.0999,9.27851,1
-9.00433,-41.3317,-15.4698,1
4.81176,-4.89391,2.87062,1
-7.69081,15.2645,-3.09976,1
8.26022,44.4119,15.4906,1
-7.41939,44.9166,3.04782,1
14.3603,-46.2732,2.23356,1
-2.08564,49.0857,8.14862,1
-9.93494,29.7603,-1.99588,1
5.50664,-42.0827,-4.01123,1
-4.98797,-38.72,-11.7344,1
4.00999,-16.3493,-0.0618652,1
13.2841,-44.6147,1.70432,1
-8.93242,49.689,2.79187,1
-1.80895,40.116,6.57604,1
-1.19805,-44.6411,-9.88666,1
-13.227,4.70745,-9.64013,1
-2.22528,24.5011,3.12,1
-10.1995,-25.3449,-13.2286,1
5.55148,-0.0668792,4.4278,1
4.3456,-5.56186,2.36411,1
-14.5108,33.7386,-4.86092,1
4.57198,-46.4405,-5.63052,1
9.3219,8.75793,9.20911,1
13.2575,11.7883,12.9637,1
4.54383,-24.9415,-1.35323,1
9.88878,-1.11892,7.68724,1
-6.30577,46.379,4.23118,1
6.29244,-45.8199,-4.13003,1
9.42355,-7.31476,6.07589,0
-4.94321,44.303,4.90604,1
1.92548,0.896358,1.71966,1
8.98263,19.4499,11.0761,1
-5.03134,29.4869,1.8723,1
-6.17795,-12.7989,-7.50215,1
-5.68178,17.8278,-0.979871,1
-7.37062,24.6987,-0.956758,1
12.4203,-3.9292,9.15043,1
-11.6502,31.7759,-2.96501,1
-4.64035,-0.722016,-3.85668,1
-13.4963,42.0873,-2.37955,1
-10.0668,-13.5557,-10.7646,1
-3.71496,27.7947,2.58697,1
-7.62698,-6.88883,-7.47935,1
9.91295,-2.2916,7.47204,1
11.5445,28.9313,15.0218,1
-11.1115,0.602496,-8.76866,1
-14.2986,-41.5291,-19.7447,1
3.72441,15.2502,6.02958,1
7.22989,32.1432,12.2125,1
2.26048,-6.07788,0.592805,1
-5.83624,9.01119,-2.86675,1
-13.5179,-25.7977,-15.9738,1
-10.0655,13.9145,-5.26951,1
9.82368,48.5757,17.5741,1
3.65445,-44.082,-5.89283,1
-13.3861,-47.7746,-20.2638,1
4.79535,11.2398,6.08424,1
-11.967,-27.2383,-15.0213,1
-8.61943,-4.03481,-7.7025,1
3.00773,27.6652,7.93923,1
-0.0452067,10.2297,2.00977,1
14.0561,-39.1846,3.40793,1
8.82238,-48.6799,-2.67807,1
6.51199,47.5784,14.7253,1
6.7161,41.0391,13.5807,1
-3.88147,26.951,2.28503,1
5.6265,10.9752,6.69624,1
0.950259,3.51218,1.46264,1
-0.235103,-22.0767,-4.60342,1
-10.0054,42.5974,0.515194,1
-9.81195,-48.9663,-17.6428,1
1.11043,4.78472,1.84529,1
-4.362,-3.79517,-4.24863,1
-10.7017,-33.214,-15.2041,1
1.83709,34.885,8.44667,1
0.225474,-49.6474,-9.7491,1
-4.10704,-38.7886,-11.0434,1
-14.9855,29.0147,-6.18542,1
-9.01225,-8.52092,-8.91398,1
-0.65122,4.95448,0.469919,1
-6.81055,-24.8335,-10.4151,1
-11.9379,-32.6348,-16.0773,1
-7.19651,-30.3888,-11.835,1
10.3482,-13.6366,5.55123,1
13.7672,49.6024,20.9343,1
-11.022,-14.1555,-11.6487,1
-6.42469,-25.5962,-10.259,1
8.10771,-7.25067,5.03604,1
-3.02767,-4.96424,-3.41498,1
5.67987,-6.9621,3.15148,1
-9.83829,-2.04455,-8.27955,1
-2.63732,-35.4983,-9.20952,1
-6.24849,-4.27543,-5.85388,1
-13.1577,10.2617,-8.4738,1
-12.8728,4.22581,-9.45305,1
-8.45317,-46.7146,-16.1055,1
-8.71063,19.2916,-3.11019,1
-3.29726,-45.9367,-11.8251,1
-8.90467,16.3715,-3.84943,1
-13.1409,37.0304,-3.10666,1
13.9154,-9.44232,9.24384,1
-10.2595,0.355659,-8.13645,1
13.728,-21.587,6.66501,1
8.4077,20.0155,10.7293,1
12.7291,-30.668,4.04971,1
-4.12837,-45.2389,-12.3505,1
-0.519684,22.5131,4.08688,1
-11.4958,-9.74065,-11.1448,1
-3.83681,12.9949,-0.470471,1
-13.4155,46.902,-1.35196,1
12.679,0.688683,10.281,1
4.2922,-25.8043,-1.72709,1
11.4348,44.34,18.0158,1
10.4317,41.6261,16.6706,1
-4.53027,-15.7814,-6.78049,1
9.27141,-14.2446,4.5682,1
13.4467,-44.0135,1.95464,1
-2.75435,-13.7364,-4.95076,1
-10.9183,4.20086,-7.89451,1
10.045,-37.8641,0.463212,1
3.39499,39.0893,10.5339,1
-13.2563,-7.32628,-12.0703,1
-14.2159,36.4132,-4.09011,1
13.0287,-40.779,2.26716,1
-5.48354,28.2846,1.27008,1
12.0506,-44.2939,0.7817,1
-4.44621,-30.2827,-9.61351,1
6.16981,49.2976,14.7954,1
-5.77397,3.12643,-3.99389,1
-10.0192,36.1357,-0.788256,1
11.7156,1.68301,9.7091,1
-14.7228,-46.6381,-21.1059,1
13.8631,-19.4174,7.20699,1
3.60187,38.9881,10.6791,1
6.85435,15.692,8.62189,1
-4.75306,25.0696,1.21147,1
10.3004,28.8866,14.0177,1
1.77219,13.0962,4.037,1
7.58514,-32.3299,-0.39786,1
0.560166,-32.3495,-6.02176,1
1.22219,-34.6304,-5.94834,1
-12.1521,-16.6076,-13.0432,1
-14.0887,-12.933,-13.8576,1
3.70749,-4.01497,2.163,0
1.17468,13.1061,3.56097,1
-14.6348,21.9749,-7.31284,1
-1.09198,-21.7639,-5.22636,1
-7.12153,31.5473,0.612238,1
10.2135,-40.2939,0.111997,1
-2.09654,-23.5608,-6.38939,1
12.2486,-31.2748,3.54389,1
-9.456,-33.1064,-14.1861,1
9.87915,28.5648,13.6163,1
-13.8963,44.3841,-2.24023,1
-5.30596,1.14812,-4.01514,1
-0.253012,30.1836,5.8343,1
7.60664,45.4808,15.1815,1
3.7261,49.3557,12.852,1
4.73363,-45.6659,-5.34628,1
8.61153,-16.6582,3.55759,1
4.58004,30.8504,9.83411,1
5.70588,16.3778,7.84026,1
-12.1831,-43.7714,-18.5008,1
-11.392,-20.2448,-13.1626,1
-6.81155,11.4515,-3.15894,1
6.42089,24.7023,10.0772,1
0.774563,16.9081,4.00127,1
8.22283,-26.8554,1.20719,1
1.48945,10.1574,3.22304,1
1.30858,-10.8682,-1.12678,1
8.26268,-7.50806,5.10854,1
2.32867,29.1293,7.6888,1
-5.33278,-23.2159,-8.90941,1
7.18123,30.1792,11.7808,1
-8.23318,19.9549,-2.59556,1
10.8644,24.1138,13.5143,1
-6.62297,30.3234,0.766309,1
-13.0923,47.6495,-0.943916,1
12.5658,-31.8058,3.69145,1
2.55967,12.4841,4.54457,1
-8.98961,-35.9856,-14.3888,1
-12.0687,-11.5566,-11.9663,1
-6.65513,-35.2993,-12.384,1
-11.4032,39.9135,-1.13983,1
-10.5889,-25.5797,-13.5871,1
1.39798,31.4989,7.41815,1
-9.19816,-24.6565,-12.2898,1
-3.77975,-29.236,-8.87099,1
-14.2209,-18.5382,-15.0844,1
0.936856,44.2794,9.60536,1
1.38672,-24.767,-3.84403,1
14.9275,-41.1449,3.71301,1
12.7492,-10.0872,8.1819,1
-10.8915,-5.55902,-9.82498,1
0.622625,41.2844,8.75499,1
-10.29,-45.3514,-17.3023,1
-10.5393,-49.6675,-18.365,1
-1.70375,9.05869,0.448737,1
0.295583,22.8021,4.79689,1
8.77036,-26.5086,1.71457,1
-0.368276,8.85967,1.47731,1
0.262646,30.6074,6.33159,1
8.81151,34.215,13.8922,1
12.8188,35.9877,17.4526,1
7.94115,-38.0075,-1.24857,1
1.50873,32.0222,7.61143,1
0.864651,26.1798,5.92768,1
-12.2203,-23.8619,-14.5486,1
-12.5566,-37.9949,-17.6443,1
-13.6112,26.8298,-5.52297,1
-11.0994,-26.7966,-14.2388,1
-11.2063,-13.5184,-11.6687,1
-7.18408,18.2547,-2.09633,1
-4.38166,-3.55994,-4.21731,1
12.1867,-13.3362,7.08211,1
0.720756,31.9797,6.97254,1
13.6295,-25.8894,5.72569,1
1.86095,29.5373,7.39621,1
-2.02019,27.0903,3.8019,1
-9.07384,40.3214,0.805208,1
-11.36,13.2829,-6.43142,1
-7.2339,48.5717,3.92723,1
-10.098,-32.5202,-14.5825,1
-3.7354,10.5087,-0.886575,1
-12.053,-31.1135,-15.8651,1
6.50737,37.7108,12.7481,1
13.8498,-15.0608,8.06766,1
11.7184,29.6521,15.3051,1
-9.38004,-29.8889,-13.4818,1
11.6294,26.1946,14.5424,1
5.89069,21.0989,8.93232,1
10.5233,-43.8587,-0.353139,1
10.0341,6.10309,9.24788,1
7.22614,47.505,15.2819,1
-0.839543,17.5747,2.84331,1
-4.54718,-14.8139,-6.60052,1
-0.0417922,34.4429,6.85515,1
-10.194,-16.9105,-11.5373,1
10.7659,0.326906,8.67809,1
9.37526,-25.7101,2.3582,1
-0.937799,16.1195,2.47366,1
-6.09301,-47.9244,-14.4593,1
13.6546,24.9885,15.9214,1
7.79337,27.0691,11.6485,1
0.960804,-17.6557,-2.76249,1
-9.90929,-19.2493,-11.7773,1
2.67561,11.962,4.53289,1
9.4364,12.4607,10.0413,1
-2.97449,-41.2436,-10.6283,1
6.88792,15.7626,8.66286,1
9.86626,-7.13639,6.46573,1
-4.65199,-28.5857,-9.43873,1
-8.2129,-46.8981,-15.9499,1
10.1892,-18.8041,4.39052,1
-1.79671,29.1057,4.38377,1
2.67619,12.0903,4.55901,1
8.01566,-4.89613,5.4333,1
-9.68564,7.08162,-6.33219,1
4.77737,-28.2844,-1.83499,1
2.97804,23.6113,7.1047,1
-3.31504,18.2993,1.00784,1
11.0766,2.81664,9.42464,1
7.38982,-5.31207,4.84944,1
5.9297,41.7253,13.0888,1
-8.67102,-4.51112,-7.83904,1
3.44508,-20.719,-1.38774,1
11.9882,-7.04576,8.18138,1
0.506455,42.1687,8.83891,1
13.4174,13.0355,13.341,1
1.51576,-9.46851,-0.681098,1
2.56045,-23.4106,-2.63377,1
1.28053,8.86133,2.79669,1
-8.51445,-40.3108,-14.8737,1
13.1973,-2.53729,10.0504,1
13.6563,13.5883,13.6427,1
9.81317,16.2176,11.0941,1
-14.5229,-49.2316,-21.4646,1
6.8865,-3.75127,4.75895,0
10.571,34.96,15.4488,1
7.20878,28.3658,11.4402,1
0.233924,48.4967,9.88648,1
-3.71256,-44.286,-11.8273,1
2.75934,13.6023,4.92792,1
6.85738,-25.8686,0.312173,1
10.6688,27.8953,14.1141,1
10.6245,22.842,13.068,1
5.5355,26.4696,9.72232,1
10.1386,-19.5588,4.19915,1
-13.2539,-24.4864,-15.5004,1
-6.02951,7.38241,-3.34713,1
-2.07809,-3.17424,-2.29732,1
14.9751,23.0074,16.5816,1
6.72321,28.3947,11.0575,1
2.36712,5.53329,3.00035,1
10.2462,-47.1587,-1.23477,1
-10.0558,28.2356,-2.3975,1
5.40807,-9.38131,2.45019,1
-12.2771,-46.4564,-19.113,1
10.6168,45.0781,17.5091,1
1.55712,-40.7876,-6.91183,1
-13.6797,15.7761,-7.78853,1
0.529434,-40.8241,-7.74127,1
-7.5061,-45.3781,-15.0805,1
-6.62185,32.6603,1.23458,1
-12.3448,-35.1883,-16.9135,1
9.49301,24.4956,12.4935,1
7.45765,11.6625,8.29862,1
13.5263,34.749,17.7708,1
-4.86373,-49.8028,-13.8515,1
-3.35718,-36.4054,-9.96681,1
2.2198,5.17931,2.8117,1
-6.49784,-27.0263,-10.6035,1
-5.45705,0.063581,-4.35292,1
7.92475,30.4252,12.4248,1
-8.19057,-48.3971,-16.2319,1
9.74169,-44.4659,-1.09983,1
-10.3316,17.726,-4.72007,1
-10.7553,-38.0095,-16.2061,1
-2.69098,5.66551,-1.01968,1
10.7817,-7.26259,7.17286,1
8.91505,-10.2664,5.07877,1
-3.6608,4.02492,-2.12366,1
8.01509,45.2815,15.4684,1
-2.28304,48.8908,7.95173,1
6.19214,19.0102,8.75576,1
-3.46297,-12.1593,-5.20223,1
0.131469,-8.44419,-1.58366,1
14.938,41.9122,20.3328,1
4.39128,29.0513,9.32327,1
0.601412,33.6768,7.21649,1
7.91509,-24.025,1.52708,1
-4.54373,31.9756,2.76013,1
8.85504,41.8113,15.4463,1
-4.02435,-42.9417,-11.8078,1
7.24144,-2.70664,5.25182,1
-9.47558,19.2687,-3.72672,1
1.34278,15.1075,4.09572,1
10.4792,19.6415,12.3117,1
14.7985,4.42757,12.7243,1
13.3615,0.107078,10.7106,1
-12.0263,-39.6819,-17.5574,1
7.90184,33.0745,12.9364,1
-12.8706,9.38731,-8.41904,1
-0.285669,-39.5029,-8.12912,1
13.5973,-48.8535,1.10714,1
13.1067,2.29886,10.9451,1
14.3848,-20.9861,7.31065,1
6.95569,37.3691,13.0384,1
6.95133,-6.77769,4.20553,1
10.1994,-41.3486,-0.110172,1
-11.6634,-25.0101,-14.3327,1
-9.71228,32.5781,-1.25421,1
9.31593,29.0716,13.2671,1
1.35305,0.667852,1.21601,1
-10.9824,39.5211,-0.881667,1
13.9202,27.774,16.691,1
0.520603,29.2556,6.26759,1
-10.3264,13.6366,-5.53378,1
6.01481,0.328592,4.87756,1
13.5607,32.4143,17.3315,1
-1.09593,14.2769,1.97864,1
-11.6215,17.0911,-5.87897,1
-10.6417,-35.2513,-15.5636,1
14.3491,-25.3448,6.41029,1
-14.8295,-11.8237,-14.2283,1
5.25712,-20.1247,0.180761,1
-5.59904,47.5038,5.02152,1
9.02983,5.5406,8.33199,1
-8.7195,10.1782,-4.93997,1
-5.74123,12.253,-2.14238,1
-10.8678,6.86102,-7.32205,1
9.20388,-23.3471,2.69368,1
-4.08418,-20.9954,-7.46643,1
-0.519521,-28.8371,-6.18304,1
13.9082,2.22827,11.5722,1
14.7569,-35.0404,4.79745,1
14.0623,-1.83395,10.8831,1
6.96092,48.5214,15.273,1
-6.7461,10.945,-3.20788,1
4.10119,-21.0715,-0.933353,1
-13.8226,-32.132,-17.4844,1
-6.07772,-37.0607,-12.2743,1
11.8539,-6.93583,8.09594,1
4.13158,-38.636,-4.42193,1
-6.52297,11.0278,-3.01283,1
-14.8092,43.6585,-3.11568,1
6.27555,-6.75917,3.66861,1
-13.4468,-48.8078,-20.519,1
-1.23549,13.4099,1.69358,1
-4.74143,-47.7688,-13.3469,1
6.42441,-5.7546,3.98861,1
-13.3305,-12.6532,-13.195,1
10.493,44.1897,17.2324,1
3.74148,49.7786,12.9489,1
13.8033,9.10042,12.8627,1
-3.46436,43.1119,5.85089,1
-8.89229,-37.9654,-14.7069,1
-9.59695,-1.60844,-7.99925,1
-6.76942,-48.7807,-15.1717,1
-8.13036,42.997,2.09511,1
2.5217,2.50741,2.51884,1
-8.01533,-34.2145,-13.2552,1
-4.26654,14.4203,-0.529165,1
8.56092,-34.4372,-0.0387125,1
-14.514,-26.6784,-16.9469,1
10.6073,-47.0322,-0.920607,1
2.81814,-10.082,0.238116,1
-2.33004,-12.6993,-4.4039,1
10.6925,44.5892,17.4718,1
14.799,-12.0269,9.43385,1
1.03253,-41.7193,-7.51784,1
4.28292,12.3872,5.90378,1
-7.05768,38.0304,1.95995,1
8.30741,-32.2964,0.18665,1
13.2315,6.7454,11.9342,1
-0.646945,28.9086,5.26417,1
3.97493,34.9802,10.176,1
-1.55738,-22.2911,-5.70414,1
-3.32968,42.9489,5.92603,1
6.81368,-33.9503,-1.33911,1
-12.1245,0.453616,-9.60885,0
13.637,0.172372,10.9441,1
-7.83516,23.5334,-1.56144,1
4.94185,-46.7479,-5.39609,1
-14.8739,-47.4009,-21.3793,1
-14.1011,2.3341,-10.8141,1
6.79565,21.8579,9.8081,1
8.34967,14.3475,9.54924,1
-0.193764,-8.81545,-1.9181,1
13.1547,-47.5143,1.02086,1
-9.19037,45.6661,1.78092,1
7.09142,-16.8816,2.29682,0
10.2763,-4.27962,7.36509,1
-0.482408,-38.5504,-8.09601,1
8.40917,-34.7924,-0.231145,1
-0.519945,-27.5385,-5.92366,1
1.65917,23.3382,5.99497,1
1.03358,-48.9053,-8.95419,1
-9.35883,-21.2101,-11.7291,1
6.7457,47.0241,14.8014,1
2.72255,-34.8141,-4.78478,1
7.40177,-45.3233,-3.14324,1
-10.9115,-42.8704,-17.3033,1
13.0262,-13.3235,7.75624,1
-2.3278,-4.02877,-2.668,1
-5.077,24.5289,0.844182,1
8.87876,17.5427,10.6116,1
3.78115,-45.4273,-6.06054,1
-0.0806574,-46.7014,-9.40482,1
7.96182,-49.9967,-3.62988,1
1.40014,49.1317,10.9464,1
-0.958921,31.1334,5.45955,1
0.992578,24.7372,5.7415,1
-8.5628,6.10005,-5.63023,1
2.48759,32.1187,8.41381,1
-1.31114,35.2031,5.99172,1
4.91597,-22.0774,-0.482693,1
1.64329,-29.9541,-4.67618,1
-12.5843,-24.1926,-14.9059,1
11.6619,48.0659,18.9427,1
-0.917989,27.474,4.76041,1
12.5226,-40.5572,1.90666,1
-2.5845,15.9096,1.11433,1
2.13134,-3.29109,1.04686,1
3.29244,-3.29744,1.97447,1
4.55134,-1.63757,3.31356,0
-13.3004,16.4143,-7.35744,1
-2.03262,43.7423,7.12236,1
-4.36076,-46.9354,-12.8757,1
11.272,14.4161,11.9008,1
4.58938,-32.325,-2.79349,1
2.78604,6.00745,3.43033,1
2.86002,-33.0544,-4.32286,1
-3.36202,43.2032,5.95102,1
-12.0474,-13.2556,-12.289,1
0.954072,13.4037,3.44399,1
-0.265259,6.6572,1.11923,1
-4.87389,-44.6837,-12.8359,1
-5.56218,7.98901,-2.85194,1
1.70468,30.0901,7.38177,1
2.0076,-49.3803,-8.26997,1
1.91508,27.0973,6.95153,1
-1.78468,35.9735,5.76695,1
12.0701,-4.61722,8.73265,1
-1.33741,-49.9177,-11.0535,1
14.8136,9.4919,13.7492,1
2.01145,1.79759,1.96868,1
2.24431,-5.29923,0.735605,1
9.45627,-30.5802,1.44896,1
-4.47192,-16.1978,-6.81709,1
3.83129,20.1122,7.08746,1
1.32062,-32.8874,-5.52098,1
-3.28158,-23.7129,-7.36784,1
-5.96272,-46.3375,-14.0377,1
-10.5003,-2.07424,-8.81509,1
0.698954,-40.1952,-7.47988,1
6.7096,-17.7315,1.82138,1
4.79234,-17.6912,0.295625,1
2.82313,-14.9604,-0.733573,1
0.796944,49.2008,10.4777,1
-12.4685,26.8837,-4.59806,1
0.50773,-45.3358,-8.66098,1
-7.79866,-20.1882,-10.2766,1
6.65569,-24.9063,0.343285,1
4.77446,27.2535,9.27027,1
-14.4175,47.1568,-2.10265,1
-3.06404,41.9721,5.9432,1
4.73973,-45.1771,-5.24363,1
-7.21286,1.54147,-5.46199,1
1.0464,45.2496,9.88705,1
-2.10954,33.3475,4.98187,1
2.55504,26.2787,7.29977,1
-1.58094,-30.6465,-7.39404,1
13.1804,18.4053,14.2254,1
13.6901,10.8873,13.1296,1
1.57961,39.5616,9.17602,1
-12.9988,9.4105,-8.51696,1
12.7355,48.187,19.8258,1
-3.55208,16.8517,0.528682,1
-5.27883,-28.3414,-9.89135,1
8.19982,-35.0789,-0.455921,1
-11.4192,-8.23725,-10.7828,1
0.744641,-7.5751,-0.919308,1
0.297576,33.1573,6.86952,1
6.79145,-47.9495,-4.15675,1
-3.85746,3.77094,-2.33178,1
-8.84454,-31.2506,-13.3258,1
11.7934,-40.781,1.27855,1
-9.55341,41.6524,0.68774,1
11.5169,-33.6901,2.47553,1
-12.0439,-48.3133,-19.2978,1
3.41699,7.68476,4.27055,1
-11.6384,-17.5642,-12.8236,1
-11.7224,-6.7815,-10.7342,1
-1.03236,30.0556,5.18524,1
9.08141,33.7893,14.023,1
11.6364,-17.7826,5.75264,1
7.57158,33.1862,12.6945,1
-12.7091,-47.7036,-19.708,1
0.741062,27.5905,6.11094,1
11.333,48.3013,18.7267,1
-6.06996,-4.77438,-5.81085,1
5.47467,-18.5766,0.664414,1
-12.5603,-10.0787,-12.064,1
3.97902,16.4392,6.47105,1
-1.02251,26.4304,4.46807,1
12.9318,2.79508,10.9044,1
2.22022,-46.2043,-7.46469,1
-3.88454,40.7047,5.03331,1
6.31129,24.002,9.84943,1
9.85656,22.6579,12.4168,1
10.9324,-20.0591,4.7341,1
8.77799,2.36736,7.49587,1
8.24967,10.2233,8.6444,1
8.03332,-32.0389,0.0188669,1
-5.71451,-4.28034,-5.42767,1
4.95613,-39.1789,-3.87087,1
-5.90665,-8.17762,-6.36084,1
-12.5615,43.7492,-1.29936,1
4.26854,-30.2403,-2.63322,1
6.76795,-0.391114,5.33614,1
-13.3326,6.18575,-9.42897,1
-12.5526,-18.0851,-13.6591,1
-2.68564,-17.9126,-5.73103,1
-5.15466,-20.2305,-8.16982,1
-2.62549,-7.1704,-3.53447,1
-10.9872,29.0311,-2.98352,1
8.7094,-40.0116,-1.0348,1
-1.55022,-34.8116,-8.2025,1
-14.7045,45.0459,-2.75441,1
9.15518,5.95705,8.51555,1
3.18933,44.1238,11.3762,1
-3.71825,-49.4427,-12.8631,1
6.52719,-6.02705,4.01634,1
13.4592,42.785,19.3243,1
-4.33058,16.9757,-0.0693294,1
-10.7398,40.4675,-0.498334,1
9.78027,22.4599,12.3162,1
1.96685,9.08514,3.39051,1
1.95608,-28.9679,-4.22872,1
-0.120023,6.71632,1.24725,1
-14.1791,-0.922418,-11.5278,1
-7.53083,0.977212,-5.82923,1
-5.94276,-48.9347,-14.5412,1
-1.81847,-10.694,-3.59358,1
-2.04777,-13.8897,-4.41616,1
-12.1652,35.2602,-2.68009,1
14.0554,-34.9244,4.25947,1
8.54869,-30.7107,0.696816,1
-12.6456,2.342,-9.6481,1
1.36506,-32.2801,-5.36397,1
3.27916,5.59286,3.7419,1
-5.05397,-26.2537,-9.29391,0
-0.441917,-19.9105,-4.33563,1
-14.2976,29.8357,-5.47096,1
12.3236,-12.8109,7.29669,1
4.13747,28.2744,8.96487,1
-10.171,47.6617,1.3955,1
3.32861,-24.1171,-2.16054,1
9.67803,18.2407,11.3906,1
-6.32901,37.9399,2.52478,1
11.3113,-45.278,-0.00655335,1
14.6079,-49.3384,1.81866,1
5.79771,46.871,14.0124,1
-9.25863,36.6054,-0.0858227,1
4.85566,42.9945,12.4834,1
0.609554,25.5842,5.60449,1
-13.678,30.2268,-4.89701,1
8.52419,-40.4555,-1.27174,1
-6.67469,-22.5009,-9.83993,1
-14.8881,-43.7447,-20.6594,1
5.94273,34.5037,11.6549,1
-10.6423,-38.749,-16.2636,1
-0.482627,25.4639,4.70667,1
0.473364,15.7721,3.53311,1
2.87773,-48.5551,-7.40884,1
-2.56017,-40.1481,-10.0778,1
-10.278,-15.0866,-11.2397,0
-8.04363,-41.7572,-14.7863,1
3.19904,-5.7618,1.40687,1
8.59274,46.7497,16.2241,1
1.45599,17.8664,4.73808,1
-1.67682,-44.2761,-10.1967,1
-9.28741,-1.20664,-7.67126,1
7.24339,1.29894,6.0545,1
8.80321,23.0778,11.6581,1
-9.80365,-22.6957,-12.3821,1
6.23911,8.73189,6.73766,1
-5.31082,-20.0069,-8.25004,1
-13.9755,-42.6035,-19.7011,1
-4.48341,39.1689,4.24705,1
-12.8414,-35.7275,-17.4186,1
11.8012,26.0949,14.6599,1
-7.02314,-36.4173,-12.902,1
-4.25074,-26.9704,-8.79467,1
14.9761,-14.3657,9.10777,1
2.95963,-39.9473,-5.62177,1
-1.52404,-29.7473,-7.16868,1
-14.2566,-45.7026,-20.5458,1
4.67394,-11.4382,1.45151,1
-0.636787,5.18917,0.528404,1
3.27405,-20.9924,-1.57924,1
6.34103,-17.1022,1.65239,1
1.66471,-38.6157,-6.39137,1
4.21758,21.1962,7.6133,1
9.91047,15.8966,11.1077,1
14.3903,-3.14602,10.883,1
1.55969,49.3145,11.1107,1
4.35819,21.3811,7.76277,1
2.85546,9.45172,4.17471,1
-2.39055,26.1105,3.30966,1
-1.60618,-25.6499,-6.41492,1
-3.48571,-13.9296,-5.5745,1
-3.06612,49.6539,7.47788,1
1.03249,-27.33,-4.64,1
5.36658,48.7394,14.0411,1
9.48551,27.8227,13.1529,1
-3.31504,38.1852,4.98502,1
-12.3619,42.6344,-1.36263,1
13.2639,-17.7085,7.06943,1
-6.86535,-48.2395,-15.1402,1
-11.45,47.765,0.39296,1
5.23931,-1.88269,3.81491,1
0.813322,34.6657,7.58381,1
5.74229,-28.504,-1.10698,1
-12.6117,-49.4056,-19.9705,1
-13.3408,-13.4466,-13.362,1
8.07694,17.3029,9.92213,1
6.08174,12.8772,7.44083,1
-11.6024,26.6891,-3.94407,1
14.3469,-8.1038,9.85678,1
0.948283,-37.8722,-6.81581,1
7.55451,-38.2599,-1.60837,1
1.0767,37.4757,8.3565,1
2.10883,-31.5386,-4.62065,1
-7.34446,22.8029,-1.31499,1
2.30519,-3.29561,1.18503,1
0.699485,45.1147,9.58253,1
-8.52892,26.8661,-1.44991,1
2.22063,-18.6867,-1.96083,1
0.935778,-6.78652,-0.608682,1
14.3089,25.2546,16.4981,1
-11.2323,-40.8139,-17.1487,1
-11.3649,27.5984,-3.57224,1
-13.4541,-10.7339,-12.9101,1
4.92703,-48.4229,-5.74295,1
-8.27961,9.41066,-4.74155,1
-9.21098,42.6036,1.15194,1
-0.714993,-42.8527,-9.14253,1
0.993394,34.9273,7.78017,1
10.1578,3.76739,8.87972,1
-14.0712,-47.9243,-20.8418,1
9.10651,-35.2731,0.230592,1
0.724501,-33.0259,-6.02558,1
-4.03912,47.903,6.3493,1
-14.386,26.803,-6.1482,1
2.36194,-35.3481,-5.18007,1
-3.71027,-2.64185,-3.49659,1
-9.73761,-46.8209,-17.1543,1
-14.3625,-26.3513,-16.7603,1
-8.58542,22.6618,-2.33598,1
13.357,10.8175,12.8491,1
2.91659,39.6857,10.2704,1
-2.42261,-16.0736,-5.15281,1
7.73546,22.0376,10.5959,1
-12.1783,-3.66319,-10.4753,0
3.01133,5.18208,3.44548,1
-13.8622,47.6756,-1.55466,1
-9.84771,-4.60781,-8.79973,1
4.16203,19.8156,7.29275,1
0.781233,-33.4333,-6.06167,1
-5.48881,8.21192,-2.74866,1
-12.2721,-28.9789,-15.6135,1
-11.2178,26.4716,-3.67995,1
7.11829,-46.4195,-3.58927,1
-10.3164,-35.4481,-15.3427,1
-5.50963,18.9505,-0.617612,1
-1.96841,26.3603,3.69732,1
-13.543,22.6619,-6.30205,1
-0.505535,29.2325,5.44207,1
-4.20108,41.632,4.96554,1
5.41785,46.7149,13.6773,1
-8.50239,21.7093,-2.46004,1
-0.371955,29.937,5.68983,1
2.86445,26.4852,7.58861,1
0.388508,-40.9226,-7.87371,1
13.0698,19.2155,14.2989,1
-4.84363,10.6412,-1.74666,1
-8.42987,-44.7742,-15.6987,1
-2.38136,-28.9998,-7.70506,1
-8.60173,-47.5777,-16.3969,1
-0.701242,26.601,4.7592,1
3.8044,-16.3686,-0.230196,1
12.0072,40.2235,17.6504,1
9.01209,45.0316,16.216,1
7.53656,3.93621,6.81649,1
-0.84096,16.0045,2.52813,1
1.29831,37.7751,8.59366,1
14.6038,-17.6236,8.15833,1
-9.95366,11.3253,-5.69788,1
14.4006,4.52272,12.425,1
10.4929,-24.8302,3.42828,1
-9.66391,14.9037,-4.75038,1
5.13641,-4.18999,3.27113,1
12.3447,-44.4645,0.98282,1
5.54007,2.03506,4.83907,1
-8.51773,-29.9183,-12.7978,1
-11.9878,9.04939,-7.78036,1
1.26044,-8.14785,-0.621218,1
-1.26464,44.7013,7.92854,1
6.88103,-1.4823,5.20837,1
-9.41811,-19.2878,-11.392,1
5.57332,34.2375,11.3061,1
2.55678,2.42181,2.52979,1
6.37452,1.67345,5.43431,1
-3.05792,16.9618,0.946032,1
-2.91931,33.182,4.30096,1
-11.6652,-28.2446,-14.9811,1
-7.65453,-41.3377,-14.3912,1
-4.57917,-42.226,-12.1085,1
-6.43525,15.6667,-2.01487,1
0.754422,3.37095,1.27773,1
-1.69991,40.7372,6.78751,1
4.74329,43.6243,12.5195,1
6.84206,1.13725,5.7011,1
-4.59874,-40.3614,-11.7513,1
3.00345,16.6764,5.73804,1
-3.03286,-0.378353,-2.50196,1
-1.99,38.8109,6.17018,1
13.1169,20.1446,14.5224,1
-10.8686,31.1699,-2.46089,1
-4.89438,-43.4647,-12.6084,1
9.93247,5.21692,8.98936,1
11.7201,16.5694,12.6899,1
1.75388,11.9,3.7831,1
-0.929843,-38.9971,-8.54329,1
8.90309,-26.2579,1.8709,1
8.80095,-26.1604,1.80869,1
-9.24795,-17.2325,-10.8449,1
0.682107,28.1211,6.1699,1
7.9915,23.5969,11.1126,1
-11.2678,32.8724,-2.43977,1
0.878466,24.2797,5.55871,1
-11.027,-8.72599,-10.5668,1
-5.70651,19.4499,-0.675216,1
3.28007,-14.6149,-0.298932,1
13.1572,-28.9983,4.72609,1
-9.46058,7.06331,-6.1558,1
8.77854,39.2348,14.8698,1
-4.40281,36.0246,3.68267,1
-1.23525,-43.1493,-9.61805,1
14.7803,7.37586,13.2994,1
-7.25117,29.5314,0.105348,1
12.0567,11.1889,11.8832,1
-12.6939,-36.9192,-17.539,1
3.09119,37.2225,9.91746,1
-1.03163,-41.7296,-9.17122,1
14.0095,-10.129,9.1818,1
-1.34781,-14.4048,-3.9592,1
0.746364,-27.9726,-4.99743,1
13.8599,49.4546,20.9789,1
8.66655,-19.8534,2.96256,1
3.21315,48.9125,12.353,1
14.1746,-29.2747,5.48476,1
-6.79941,-14.2009,-8.27971,1
-14.8601,2.10036,-11.468,1
-5.09444,0.952366,-3.88508,1
8.78009,45.8461,16.1933,1
-5.92288,-22.8513,-9.30857,1
7.77363,-3.31274,5.55636,1
-11.6368,35.4196,-2.22553,1
-2.83173,-1.92911,-2.6512,1
7.30633,-47.3154,-3.618,1
13.2534,13.686,13.34,1
-4.60533,12.0275,-1.27876,1
10.9442,-48.7982,-1.00429,1
1.02331,-1.23986,0.570675,1
7.4314,45.745,15.0941,1
-8.84111,26.6228,-1.74832,1
-12.9802,36.2757,-3.12904,1
-6.04932,-1.86469,-5.21239,1
10.724,43.9903,17.3772,1
11.4063,-22.8696,4.55109,1
-13.7231,34.6728,-4.0439,1
-2.45411,4.53204,-1.05688,1
11.8095,28.1915,15.0859,1
-14.46,-11.8022,-13.9284,1
-7.5638,-39.1256,-13.8762,1
14.4249,45.3013,20.6002,1
11.8237,-1.08847,9.24127,1
-14.0366,-15.4038,-14.3101,1
-2.92712,33.1413,4.28656,1
11.8317,-42.7381,0.917723,1
0.366098,15.4593,3.38474,1
-12.3862,-29.6257,-15.8341,1
9.37188,44.8322,16.4639,1
-0.605114,-39.8314,-8.45037,1
-2.18812,47.2545,7.70041,1
-11.9611,-32.8487,-16.1386,1
-0.593851,-36.4006,-7.75521,1
-13.7741,-36.5149,-18.3223,1
12.3279,11.0059,12.0635,1
-0.450437,-30.0391,-6.36817,1
-4.18694,-18.2678,-7.00311,1
6.50836,-40.4773,-2.88877,1
6.82118,24.1073,10.2784,1
14.0063,-23.2563,6.55376,1
-14.5451,-9.34573,-13.5053,1
-9.24564,-19.1742,-11.2313,1
-0.587997,47.818,9.09319,1
-5.78072,-43.8229,-13.3891,1
7.66121,-21.4786,1.83325,1
8.90079,-7.48717,5.6232,1
6.31266,-16.3157,1.78699,1
13.394,-19.137,6.88783,1
-10.5985,34.2237,-1.63404,1
12.456,-19.05,6.15478,1
6.63283,16.8799,8.68224,1
13.9538,-36.4771,3.86763,1
11.8468,4.11382,10.3002,1
-4.08781,49.4366,6.61708,1
7.44575,4.81728,6.92006,1
-0.584179,1.53246,-0.160852,1
10.5281,36.16,15.6545,1
5.71645,-46.3507,-4.69699,1
1.56595,-2.71761,0.709235,1
-12.633,20.9046,-5.9255,1
-3.28315,-42.1648,-11.0595,1
2.46355,-13.6751,-0.764188,1
-0.727135,7.4998,0.918252,1
-3.98875,-5.30735,-4.25247,1
-9.95651,-14.4913,-10.8635,1
-9.85455,15.5607,-4.77151,1
14.8192,-24.2728,7.00079,1
1.18081,27.3452,6.41369,1
7.50279,-24.8526,1.03171,1
1.41828,-49.2592,-8.71721,1
6.30658,24.9061,10.0265,1
9.47869,20.1235,11.6077,1
10.5685,-30.0156,2.45172,1
13.5321,22.6498,15.3556,1
-11.8248,9.06878,-7.64607,1
-3.09121,-34.0873,-9.29044,1
14.1594,22.4926,15.8261,1
13.5621,-43.5662,2.13639,1
-9.07722,23.2949,-2.60281,1
2.02669,42.4818,10.1177,1
8.05992,42.1695,14.8818,1
6.61662,-31.9821,-1.10313,1
0.863797,21.9762,5.08628,1
-12.2118,-37.9762,-17.3647,1
-8.0159,-40.6768,-14.5481,1
-8.24463,26.6648,-1.26273,1
4.12135,-42.2902,-5.16096,1
-4.90869,13.9927,-1.12841,1
8.11314,-24.0406,1.6824,1
-7.33759,24.8463,-0.900813,1
2.16716,36.4599,9.02571,1
7.80235,16.7678,9.59544,1
-11.6018,-3.53445,-9.98831,1
-9.30689,38.8297,0.320431,1
-14.6769,-0.578497,-11.8572,1
-4.11969,-34.8282,-10.2614,0
-8.79199,48.9372,2.75384,1
-6.75311,32.9389,1.18528,1
8.26513,-43.7504,-2.13798,1
9.21506,-41.0101,-0.829976,1
10.8111,-4.03036,7.8428,1
7.12455,-11.3509,3.42946,1
13.2588,-49.4604,0.714971,1
-11.8816,12.4185,-7.02159,1
1.89287,-40.7933,-6.64436,1
11.9021,-33.8882,2.74407,1
-0.470561,-16.0863,-3.5937,1
-11.0183,-44.2861,-17.6718,1
-5.21822,-25.3809,-9.25076,1
-13.8807,28.1078,-5.483,1
-14.5802,-21.0245,-15.869,1
-10.3079,35.6517,-1.11595,1
10.88,36.5723,16.0184,1
5.45665,-6.22168,3.12098,1
-0.309812,-22.5118,-4.75021,1
12.6183,37.7474,17.6441,1
4.60892,-16.7169,0.343766,1
-7.39828,20.4081,-1.83701,1
4.0192,-35.4133,-3.86731,1
-6.92196,-18.9802,-9.3336,1
-3.93509,-39.9716,-11.1424,1
-8.5636,42.2099,1.59109,1
-10.7544,5.98343,-7.4068,1
8.43078,-12.8615,4.17232,1
-2.74396,9.90985,-0.2132,1
1.83673,49.048,11.279,1
7.59065,20.0617,10.0849,1
5.57371,24.5053,9.36003,1
-7.2776,10.4009,-3.74191,1
8.43494,30.6657,12.8811,1
10.0036,31.4613,14.2952,1
3.04104,-25.7245,-2.71207,1
8.17176,7.30837,7.99908,1
-12.711,-19.8826,-14.1453,1
-3.42903,22.0801,1.67279,1
-8.32735,0.747387,-6.5124,1
-4.71299,-16.1587,-7.00212,1
-6.90954,35.3307,1.53851,1
5.34481,-47.4959,-5.22332,1
-3.18225,-45.8259,-11.711,1
-9.40491,-7.65255,-9.05443,1
12.5538,16.681,13.3793,1
-0.942977,11.3368,1.51298,1
-1.32384,26.8364,4.30822,1
-9.13361,-29.8765,-13.2822,1
-9.16035,-23.818,-12.0919,1
-12.5296,10.6871,-7.88628,1
-4.21092,44.3863,5.50852,1
-14.5551,-32.7629,-18.1966,1
10.2679,-33.2269,1.56891,1
6.99682,-2.2073,5.15599,1
-3.91083,17.403,0.351936,1
-5.92618,36.6935,2.59776,1
11.9916,-38.9959,1.79411,1
11.2621,-4.08437,8.19283,1
2.81505,46.1555,11.4831,1
2.4266,32.0515,8.35159,1
-3.1544,-1.23138,-2.7698,1
13.0299,-3.5135,9.7212,1
10.2801,26.9578,13.6156,1
-4.557,-6.10578,-4.86676,1
4.38744,41.816,11.8731,1
8.98057,-10.0484,5.17477,1
1.6637,-24.1999,-3.50902,1
-3.0658,-32.1749,-8.88762,1
2.25468,2.21758,2.24726,1
-13.8146,-9.32555,-12.9168,1
6.57536,-19.953,1.26969,1
-0.539552,28.682,5.30477,1
-7.49183,-48.9201,-15.7775,1
-7.39183,29.2292,-0.0676308,1
-0.832877,-11.7043,-3.00716,1
-13.4019,-11.0238,-12.9263,1
-13.738,-48.5261,-20.6956,1
-7.3266,35.0684,1.15241,1
-11.6205,5.48527,-8.19937,1
-8.62586,34.5344,0.00618545,1
0.655249,-43.9889,-8.27358,1
1.52096,-42.81,-7.34523,1
-1.50857,17.6902,2.33119,1
-12.4896,49.2643,-0.138802,1
-3.03259,-47.7859,-11.9832,1
-4.19606,-16.884,-6.73365,1
10.1154,-16.147,4.86291,1
9.95582,-5.88328,6.788,1
-9.56215,27.091,-2.23152,1
1.18341,-46.5696,-8.3672,1
-13.1279,-44.3824,-19.3788,1
-7.06429,42.165,2.78157,1
-13.458,27.0555,-5.35528,1
7.89379,-32.711,-0.227177,1
-10.9047,37.1636,-1.29104,1
4.72787,25.047,8.79169,1
10.3347,12.0492,10.6776,1
-1.97098,9.34806,0.29283,1
-8.43205,41.1207,1.47851,1
14.6656,-1.59489,11.4135,1
-12.6749,43.2338,-1.49315,1
-11.693,-13.5642,-12.0673,1
6.04501,23.6376,9.56353,1
7.43513,42.2789,14.4039,1
-9.08675,29.6427,-1.34085,1
9.38592,5.57047,8.62283,1
-4.29519,-39.929,-11.422,1
12.5018,-36.1968,2.76206,1
-12.1738,24.1107,-4.91692,1
-4.48216,19.854,0.385074,1
-1.56752,-47.4758,-10.7492,1
11.3935,-33.6347,2.38783,1
-7.79419,-1.74893,-6.58514,1
6.75434,-36.6021,-1.91695,1
3.40609,-5.5988,1.60511,1
-7.4891,44.9207,2.99287,1
11.5301,-15.744,6.07528,1
-10.4159,1.55292,-8.02214,1
8.90827,-20.8259,2.96143,1
-9.5891,-4.81198,-8.63368,1
-11.7763,-3.33153,-10.0873,1
1.11821,-33.3931,-5.78405,1
13.8331,25.6742,16.2014,1
1.8066,-20.4717,-2.64907,1
-0.658087,-37.7297,-8.07241,1
-10.2561,-46.4413,-17.4931,1
-9.15957,40.1783,0.708,1
6.28596,-18.1485,1.39907,1
-7.32477,29.4562,0.0314215,1
-8.13109,36.5651,0.808149,1
13.4998,47.503,20.3004,1
-9.65467,42.6242,0.801102,1
2.24476,10.9247,3.98074,1
12.618,16.1784,13.3301,1
1.17402,-19.282,-2.91718,1
1.97981,43.047,10.1933,1
-2.78066,46.9321,7.1619,1
-2.64049,15.2303,0.933672,1
12.0247,-43.7676,0.866274,1
-13.8248,-23.326,-15.725,1
7.0163,1.63701,5.94044,1
-1.2689,12.2253,1.42994,1
-14.4872,-4.88108,-12.566,1
5.36122,18.5538,7.99973,1
-7.57689,11.0897,-3.84358,1
12.1075,37.0431,17.0946,1
7.14181,27.1295,11.1393,1
13.9417,15.4702,14.2474,1
6.0135,-30.1883,-1.22687,1
-5.05663,11.161,-1.81311,1
4.9635,-38.3412,-3.69745,1
0.972927,-12.731,-1.76787,1
11.7656,-39.8467,1.4431,1
1.33717,26.0676,6.28326,1
7.55913,-0.576237,5.93206,1
7.48029,-15.0801,2.96821,1
1.64175,-6.80899,-0.048394,1
-2.11359,-19.4819,-5.58725,1
-7.95485,1.77293,-6.00929,1
8.8166,-15.2348,4.00631,1
4.13052,-37.1755,-4.13069,1
-1.29525,-12.5055,-3.53729,1
-12.5153,-41.2802,-18.2682,1
-3.87647,20.4611,0.99105,1
-0.545944,12.403,2.04384,1
-1.80611,-25.4022,-6.52534,1
13.0169,39.9661,18.4067,1
13.4858,-20.458,6.69705,1
8.41073,-5.23371,5.68184,1
6.94814,25.1274,10.584,1
14.4373,30.6739,17.6846,1
3.92729,-28.1325,-2.48467,1
8.67619,-23.2394,2.29308,1
-3.86628,26.8309,2.27316,1
-5.60926,42.8449,4.08157,1
-10.9973,13.3457,-6.12867,1
3.6761,41.2048,11.1818,1
-12.7291,-21.0265,-14.3886,1
-14.8348,23.9007,-7.0877,1
-4.18658,2.99411,-2.75045,1
9.9754,3.40509,8.66134,1
-6.32941,13.0685,-2.44984,1
14.5121,-8.67158,9.87535,1
4.70233,-23.7824,-0.994617,1
-9.90607,49.4107,1.95729,1
-6.77551,-32.6122,-11.9429,1
7.1393,40.284,13.7683,1
8.644,25.1871,11.9526,1
-7.75044,15.4301,-3.11433,1
-1.1859,-16.1712,-4.18295,1
-5.62009,-9.2349,-6.34305,1
-5.55568,39.7606,3.50759,1
-0.589319,26.9542,4.91939,1
12.7069,-28.2549,4.51451,1
-14.7707,35.8469,-4.64717,1
0.993441,45.7673,9.94821,1
3.16823,-5.77071,1.38044,1
-10.2504,8.19694,-6.56096,1
